연번,자치구명,도로명주소,세부위치,설치장소유형,수거쓰레기종류,형태,설치연도,수거담당자,데이터기준일자,Unnamed: 10,키워드,위도,경도
1.0,마포구,서울특별시 마포구 만리재로14,마포경찰서 교통센터 앞,도로(가로)변,일반쓰레기,일반 사각 쓰레기통,2018년 이전,환경공무관 1반,2025-03-06,,마포구 마포경찰서 교통센터,37.544082842974,126.95309110806
2.0,마포구,서울특별시 마포구 백범로199,공덕역 6번 출구 뒤,지하철역 입구,일반쓰레기,일반 사각 쓰레기통,2018년 이전,환경공무관 1반,2025-03-06,,마포구 공덕역,37.5445416897534,126.951451177648
3.0,마포구,서울특별시 마포구 백범로205,공덕 오거리 버스정류장(14-149),정류장(버스 택시 등),일반쓰레기,일반 사각 쓰레기통,2018년 이전,환경공무관 1반,2025-03-06,,마포구 공덕 오거리,37.5439759088286,126.951564700548
4.0,마포구,서울특별시 마포구 만리재로3,공덕역 5번 출구 옆 자전거보관소,지하철역 입구,일반쓰레기,일반 사각 쓰레기통,2018년 이전,환경공무관 1반,2025-03-06,,마포구 공덕역,37.5445416897534,126.951451177648
5.0,마포구,서울특별시 마포구 마포대로25,마포대로25 화로연각 앞 (토정로방향),도로(가로)변,일반쓰레기,일반 사각 쓰레기통,2018년 이전,환경공무관 1반,2025-03-06,,마포구 마포대로25 화로연각,37.5393419041793,126.945018634046
6.0,마포구,서울특별시 마포구 아현동447-9,마포대로 버스정류장(14-008),정류장(버스 택시 등),일반쓰레기,항아리형 쓰레기통,2018년 이전,서울시 ,2025-03-06,,마포구 마포대로,37.542776792633845,126.94968259053644
7.0,마포구,서울특별시 마포구 아현동447-9,마포대로 버스정류장(14-008),정류장(버스 택시 등),일반쓰레기,항아리형 쓰레기통,2018년 이전,서울시 ,2025-03-06,,마포구 마포대로,37.542776792633845,126.94968259053644
8.0,마포구,서울특별시 마포구 마포대로207-1,마포대로 207-1 둘둘치킨 앞(애오개역 1번 출구),도로(가로)변,일반쓰레기,일반 사각 쓰레기통,2021년 교체,환경공무관 1반,2025-03-06,,마포구 마포대로 207-1 둘둘치킨,37.53645790616446,126.96115630932462
9.0,마포구,서울특별시 마포구 마포대로212,애오개역 3번 출구 앞,지하철역 입구,일반쓰레기,일반 사각 쓰레기통,2018년 이전,환경공무관 1반,2025-03-06,,마포구 애오개역,37.5534131497489,126.956669363197
10.0,마포구,서울특별시 마포구 마포대로212,애오개역 4번 출구 앞,지하철역 입구,일반쓰레기,일반 사각 쓰레기통,2018년 이전,환경공무관 1반,2025-03-06,,마포구 애오개역,37.5534131497489,126.956669363197
11.0,마포구,서울특별시 마포구 마포대로233-1,마포대로 233-1 (아현초교 앞 횡단보도 앞),도로(가로)변,일반쓰레기,일반 사각 쓰레기통,2018년 이전,환경공무관 1반,2025-03-06,,마포구 마포대로 233-1,37.551019,126.955909
12.0,마포구,서울특별시 마포구 공덕동441-3,마포대로 버스정류장(14-003)(공덕역),정류장(버스 택시 등),일반쓰레기,항아리형 쓰레기통,2018년 이전,서울시 ,2025-03-06,,마포구 마포대로,37.542776792633845,126.94968259053644
13.0,마포구,서울특별시 마포구 공덕동237-9,마포대로 버스정류장(14-004)(공덕역),정류장(버스 택시 등),일반쓰레기,항아리형 쓰레기통,2018년 이전,서울시 ,2025-03-06,,마포구 마포대로,37.542776792633845,126.94968259053644
14.0,마포구,서울특별시 마포구 공덕동237-9,마포대로 버스정류장(14-004)(공덕역),정류장(버스 택시 등),일반쓰레기,항아리형 쓰레기통,2018년 이전,서울시 ,2025-03-06,,마포구 마포대로,37.542776792633845,126.94968259053644
15.0,마포구,서울특별시 마포구 마포대로114,마포대로 114번지 기업은행 앞(공덕역 4번출구 뒤),도로(가로)변,일반쓰레기,일반 사각 쓰레기통,2018년 이전,환경공무관 1반,2025-03-06,,마포구 마포대로 114번지 기업은행,37.54480772030833,126.95202810716869
16.0,마포구,서울특별시 마포구 공덕동237-9,마포대로 버스정류장(14-005),정류장(버스 택시 등),일반쓰레기,항아리형 쓰레기통,2018년 이전,서울시 ,2025-03-06,,마포구 마포대로,37.542776792633845,126.94968259053644
17.0,마포구,서울특별시 마포구 공덕동237-9,마포대로 버스정류장(14-006),정류장(버스 택시 등),일반쓰레기,항아리형 쓰레기통,2018년 이전,서울시 ,2025-03-06,,마포구 마포대로,37.542776792633845,126.94968259053644
18.0,마포구,서울특별시 마포구 아현동447-15,마포대로 버스정류장(14-007),정류장(버스 택시 등),일반쓰레기,항아리형 쓰레기통,2018년 이전,서울시 ,2025-03-06,,마포구 마포대로,37.542776792633845,126.94968259053644
19.0,마포구,서울특별시 마포구 아현동447-15,마포대로 버스정류장(14-007),정류장(버스 택시 등),일반쓰레기,항아리형 쓰레기통,2018년 이전,서울시 ,2025-03-06,,마포구 마포대로,37.542776792633845,126.94968259053644
20.0,마포구,서울특별시 마포구 독막로242,독막로 242 노기홍 사무소 앞,도로(가로)변,일반쓰레기,일반 사각 쓰레기통,2018년 이전,환경공무관 1반,2025-03-06,,마포구 독막로 242,37.546572819317745,126.9402662647598
21.0,마포구,서울특별시 마포구 독막로241,독막로 241 노기홍 사무소 건너편,도로(가로)변,일반쓰레기,일반 사각 쓰레기통,2018년 이전,환경공무관 1반,2025-03-06,,마포구 독막로 241,37.547710,126.933994
22.0,마포구,서울특별시 마포구 독막로221,독막로 221(신수동50-2) 정자나무 공원 앞,광장 등 다중집합장소,일반쓰레기,일반 사각 쓰레기통,2018년 이전,환경공무관 1반,2025-03-06,,마포구 독막로 221 정자나무 공원,37.547180,126.931330
23.0,마포구,서울특별시 마포구 독막로192,독막로 192 신수동 주민센터 앞,도로(가로)변,일반쓰레기,일반 사각 쓰레기통,2018년 이전,환경공무관 1반,2025-03-06,,마포구 독막로 192 신수동 주민센터,37.5470206619327,126.935226865858
24.0,마포구,서울특별시 마포구 마포대로61-1,마포대로 61-1 트라팰리스 앞 횡단보도,도로(가로)변,일반쓰레기,일반 사각 쓰레기통,2018년 이전,환경공무관 1반,2025-03-06,,마포구 마포대로 61-1,37.541374102251986,126.94798625212687
25.0,마포구,서울특별시 마포구 마포대로33,마포대로 33 마포역 1번 출구,지하철역 입구,일반쓰레기,일반 사각 쓰레기통,2018년 이전,환경공무관 1반,2025-03-06,,마포구 마포대로 33 마포역,37.53955402908912,126.94586257221307
26.0,마포구,서울특별시 마포구 도화동293-1,마포대로 버스정류장(14-001)(가든호텔 앞),정류장(버스 택시 등),일반쓰레기,항아리형 쓰레기통,2018년 이전,서울시 ,2025-03-06,,마포구 마포대로,37.542776792633845,126.94968259053644
27.0,마포구,서울특별시 마포구 도화동293-1,마포대로 버스정류장(14-001)(가든호텔 앞),정류장(버스 택시 등),일반쓰레기,항아리형 쓰레기통,2018년 이전,서울시 ,2025-03-06,,마포구 마포대로,37.542776792633845,126.94968259053644
28.0,마포구,서울특별시 마포구 마포대로20,마포대로 20(마포역 4번 출구),도로(가로)변,일반쓰레기,일반 사각 쓰레기통,2018년 이전,환경공무관 1반,2025-03-06,,마포구 마포대로 20,37.538419257232,126.944969526554
29.0,마포구,서울특별시 마포구 신촌로174,신촌로 174 중우빌딩 횡단보도 옆,도로(가로)변,일반쓰레기,일반 사각 쓰레기통,2018년 이전,환경공무관 1반,2025-03-06,,마포구 신촌로 174 중우빌딩,37.5564644837822,126.945019637135
30.0,마포구,서울특별시 마포구 신촌로174,신촌로 174 중우빌딩 횡단보도 옆,도로(가로)변,일반쓰레기,일반 사각 쓰레기통,2018년 이전,환경공무관 1반,2025-03-06,,마포구 신촌로 174 중우빌딩,37.5564644837822,126.945019637135
31.0,마포구,서울특별시 마포구 신촌로110,신촌로 110 웨스턴동물의료센터 신촌역 5번출구,지하철역 입구,일반쓰레기,일반 사각 쓰레기통,2018년 이전,환경공무관 1반,2025-03-06,,마포구 신촌로 110 신촌역,37.556541,126.936155
32.0,마포구,서울특별시 마포구 노고산동112-5,노고산동 112-5 서강대역 2번 출구 자전거대여소 앞,지하철역 입구,일반쓰레기,일반 사각 쓰레기통,2019년 설치,환경공무관 1반,2025-03-06,,마포구 노고산동 112-5 서강대역 자전거대여소,37.552429,126.939136
33.0,마포구,서울특별시 마포구 창전동242,광흥창역 2번 출구 앞(창전동242),지하철역 입구,일반쓰레기,일반 사각 쓰레기통,2018년 이전,환경공무관 1반,2025-03-06,,마포구 광흥창역,37.54748648317645,126.93202965599583
34.0,마포구,서울특별시 마포구 백범로95,대흥역 2번 출구 앞(삼성공인중개사 앞),지하철역 입구,일반쓰레기,일반 사각 쓰레기통,2018년 이전,환경공무관 1반,2025-03-06,,마포구 대흥역,37.5476479056751,126.942473188734
35.0,마포구,서울특별시 마포구 공덕동257-88,공덕역 2번 출구 롯데캐슬 택시정류장 앞(공덕동 257-88),정류장(버스 택시 등),일반쓰레기,일반 사각 쓰레기통,2018년 이전,환경공무관 1반,2025-03-06,,마포구 공덕역 롯데캐슬,37.544831515227095,126.95073583557456
36.0,마포구,서울특별시 마포구 공덕동435-12,공덕역 1번 출구 자전거 보관소 앞(공덕동435-12),지하철역 입구,일반쓰레기,일반 사각 쓰레기통,2018년 이전,환경공무관 1반,2025-03-06,,마포구 공덕역,37.5445416897534,126.951451177648
37.0,마포구,서울특별시 마포구 백범로122,백범로 122 풍천민물장어 앞,도로(가로)변,일반쓰레기,일반 사각 쓰레기통,2018년 이전,환경공무관 1반,2025-03-06,,마포구 백범로 122 풍천민물장어,37.5465243896146,126.944415875209
38.0,마포구,서울특별시 마포구 만리재로83-1,만리재로 83-1 앞 버스정류장(14-145),정류장(버스 택시 등),일반쓰레기,일반 사각 쓰레기통,2018년 이전,환경공무관 1반,2025-03-06,,마포구 만리재로 83-1,37.5481917136022,126.958763626643
39.0,마포구,서울특별시 마포구 만리재로88,만리재로 88 앞 버스정류장(14-146),정류장(버스 택시 등),일반쓰레기,일반 사각 쓰레기통,2018년 이전,환경공무관 1반,2025-03-06,,마포구 만리재로 88,37.54810446769104,126.95919821774082
40.0,마포구,서울특별시 마포구 창전로32,서강나루공원 횡단보도 앞,광장 등 다중집합장소,일반쓰레기,일반 사각 쓰레기통,2018년 이전,환경공무관 1반,2025-03-06,,마포구 서강나루공원,37.545274862348535,126.93104718980615
41.0,마포구,서울특별시 마포구 창전로60,창전로 60 광흥창역 3번 출구 앞,지하철역 입구,일반쓰레기,일반 사각 쓰레기통,2018년 이전,환경공무관 1반,2025-03-06,,마포구 창전로 60 광흥창역,37.5477969216928,126.932895061664
42.0,마포구,서울특별시 마포구 독막로246,독막로 246(백억공인중개사 앞),도로(가로)변,일반쓰레기,일반 사각 쓰레기통,2019년 설치,환경공무관 1반,2025-03-06,,마포구 독막로 246,37.546385702722,126.94084465984
43.0,마포구,서울특별시 마포구 서강로137,"서강로 137, 버스정류장(14-990)",도로(가로)변,일반쓰레기,일반 사각 쓰레기통,2018년 이전,환경공무관 1반,2025-03-06,,마포구 서강로 137,37.5546721331465,126.935582394903
44.0,마포구,서울특별시 마포구 서강로137,"서강로 137, 버스정류장(14-990)",도로(가로)변,일반쓰레기,일반 사각 쓰레기통,2018년 이전,환경공무관 1반,2025-03-06,,마포구 서강로 137,37.5546721331465,126.935582394903
45.0,마포구,서울특별시 마포구 서강로127-1,서강로 127-1 버스정류장(14-204),정류장(버스 택시 등),일반쓰레기,일반 사각 쓰레기통,2018년 이전,환경공무관 1반,2025-03-06,,마포구 서강로 127-1,37.547059,126.934909
46.0,마포구,서울특별시 마포구 서강로111-1,서강로 111-1 파리바게트 앞,도로(가로)변,일반쓰레기,일반 사각 쓰레기통,2018년 이전,환경공무관 1반,2025-03-06,,마포구 서강로 111-1 파리바게트,37.55307422495354,126.93317099118127
47.0,마포구,서울특별시 마포구 서강로97,서강로 97 삼성 프라자,도로(가로)변,일반쓰레기,일반 사각 쓰레기통,2018년 이전,환경공무관 1반,2025-03-06,,마포구 서강로 97 삼성 프라자,37.55756469820786,126.92406645558366
48.0,마포구,서울특별시 마포구 창전동12-34,창전 현대홈타운 버스정류장(14-203),정류장(버스 택시 등),일반쓰레기,일반 사각 쓰레기통,2018년 이전,환경공무관 1반,2025-03-06,,마포구 창전 현대홈타운,37.55079213318701,126.93183313984302
49.0,마포구,서울특별시 마포구 서강로55,서강로 55 GS 앞 버스정류장(14-201),도로(가로)변,일반쓰레기,일반 사각 쓰레기통,2018년 이전,환경공무관 1반,2025-03-06,,마포구 서강로 55 GS,37.54820055890189,126.93131042648486
50.0,마포구,서울특별시 마포구 서강로51,광흥창역 1번 출구,지하철역 입구,일반쓰레기,일반 사각 쓰레기통,2018년 이전,환경공무관 1반,2025-03-06,,마포구 광흥창역,37.54748648317645,126.93202965599583
51.0,마포구,서울특별시 마포구 백범로91,백범로 91 대흥역 1번 출구 건널목 앞,도로(가로)변,일반쓰레기,일반 사각 쓰레기통,2018년 이전,환경공무관 1반,2025-03-06,,마포구 백범로 91 대흥역 건널목,37.549690,126.942408
52.0,마포구,서울특별시 마포구 노고산동31-123,신촌역 6번 출구 공원 안쪽,광장 등 다중집합장소,일반쓰레기,일반 사각 쓰레기통,2018년 이전,환경공무관 1반,2025-03-06,,마포구 신촌역,37.555198169366435,126.93698075993808
53.0,마포구,서울특별시 마포구 노고산동31-123,신촌역 6번 출구 공원 안쪽,광장 등 다중집합장소,일반쓰레기,일반 사각 쓰레기통,2018년 이전,환경공무관 1반,2025-03-06,,마포구 신촌역,37.555198169366435,126.93698075993808
54.0,마포구,서울특별시 마포구 백범로88,백범로 88 대흥역 4번 출구 경총회관 앞,도로(가로)변,일반쓰레기,일반 사각 쓰레기통,2018년 이전,환경공무관 1반,2025-03-06,,마포구 백범로 88 대흥역,37.548050846281804,126.941040246127
55.0,마포구,서울특별시 마포구 신촌로210,신촌로 210 아현어린이집 앞,도로(가로)변,일반쓰레기,일반 사각 쓰레기통,2018년 이전,환경공무관 1반,2025-03-06,,마포구 신촌로 210 아현어린이집,37.556682493328346,126.94896250142698
56.0,마포구,서울특별시 마포구 신촌로234,신촌로 234 새마을금고 앞,도로(가로)변,일반쓰레기,일반 사각 쓰레기통,2018년 이전,환경공무관 1반,2025-03-06,,마포구 신촌로 234 새마을금고,37.556913380722754,126.95165479064757
57.0,마포구,서울특별시 마포구 마포대로247,아현역 3번 출구 앞,지하철역 입구,일반쓰레기,일반 사각 쓰레기통,2018년 이전,환경공무관 1반,2025-03-06,,마포구 아현역,37.55740617797663,126.95614644008904
58.0,마포구,서울특별시 마포구 마포대로247,아현역 3번 출구 버스정류장 앞(굴레방다리),정류장(버스 택시 등),일반쓰레기,일반 사각 쓰레기통,2018년 이전,환경공무관 1반,2025-03-06,,마포구 아현역,37.55740617797663,126.95614644008904
59.0,마포구,서울특별시 마포구 대흥로122,대흥로 122 치매센터 앞,도로(가로)변,일반쓰레기,일반 사각 쓰레기통,2018년 이전,환경공무관 1반,2025-03-06,,마포구 대흥로 122,37.5504067277654,126.944278325044
60.0,마포구,서울특별시 마포구 대흥로194,이대역 5번 출구 뚜레쥬르 앞,지하철역 입구,일반쓰레기,일반 사각 쓰레기통,2018년 이전,환경공무관 1반,2025-03-06,,마포구 이대역,37.556814718869,126.94642954546576
61.0,마포구,서울특별시 마포구 고산2길61,고산2길 61 노고산체육공원,광장 등 다중집합장소,일반쓰레기,일반 사각 쓰레기통,2018년 이전,주민센터 관리,2025-03-06,,마포구 고산2길 61 홍대입구역,37.552208,126.940709
62.0,마포구,서울특별시 마포구 양화로188,양화로 홍대입구 4번 출구 AK백화점 앞,지하철역 입구,일반쓰레기,일반 사각 쓰레기통,2023년 교체,환경공무관 2반,2025-03-06,,마포구 양화로 홍대,37.5568707448873,126.923778562273
63.0,마포구,서울특별시 마포구 양화로188,양화로 홍대입구 4번 출구 AK백화점 앞,지하철역 입구,일반쓰레기,일반 사각 쓰레기통,2023년 교체,환경공무관 2반,2025-03-06,,마포구 양화로 홍대,37.5568707448873,126.923778562273
64.0,마포구,서울특별시 마포구 양화로188,"홍대입구역 4번 출구, CGV 앞",지하철역 입구,일반쓰레기,일반 사각 쓰레기통,2023년 교체,환경공무관 2반,2025-03-06,,마포구 홍대입구역,37.5568707448873,126.923778562273
65.0,마포구,서울특별시 마포구 동교동155-55,홍대입구역 중앙차로 버스정류장(14-016),버스중앙차로내,일반쓰레기,일반 사각 쓰레기통,2023년 교체,환경공무관 2반,2025-03-06,,마포구 홍대입구역,37.5568707448873,126.923778562273
66.0,마포구,서울특별시 마포구 신촌로66,신촌로 66 하나로마트 앞,도로(가로)변,일반쓰레기,일반 사각 쓰레기통,2018년 이전,환경공무관 2반,2025-03-06,,마포구 신촌로 66 하나로마트,37.556066407053265,126.93311625899119
67.0,마포구,서울특별시 마포구 신촌로82,신촌로 82 유앤아이 치과 앞 버스정류장(14-228),도로(가로)변,일반쓰레기,일반 사각 쓰레기통,2023년 교체,환경공무관 2반,2025-03-06,,마포구 신촌로 82 유앤아이 치과,37.55560067377413,126.93487539253984
68.0,마포구,서울특별시 마포구 신촌로82,신촌로 82 유앤아이 치과 앞 버스정류장(14-228),도로(가로)변,일반쓰레기,일반 사각 쓰레기통,2023년 교체,환경공무관 2반,2025-03-06,,마포구 신촌로 82 유앤아이 치과,37.55560067377413,126.93487539253984
69.0,마포구,서울특별시 마포구 신촌로94,신촌로 94 신촌역 7번 출구 앞,지하철역 입구,재활용쓰레기,일반 사각 쓰레기통,2018년 이전,환경공무관 2반,2025-03-06,,마포구 신촌로 94 신촌역,37.555147,126.936860
70.0,마포구,서울특별시 마포구 어울마당로109,어울마당로109 유가네 닭갈비 앞,도로(가로)변,일반쓰레기,일반 사각 쓰레기통,2023년 교체,환경공무관 2반,2025-03-06,,마포구 어울마당로109 유가네 닭갈비,37.5547797111847,126.922671603267
71.0,마포구,서울특별시 마포구 어울마당로109,어울마당로109 유가네 닭갈비 앞,도로(가로)변,일반쓰레기,일반 사각 쓰레기통,2023년 교체,환경공무관 2반,2025-03-06,,마포구 어울마당로109 유가네 닭갈비,37.5547797111847,126.922671603267
72.0,마포구,서울특별시 마포구 어울마당로113,어울마당로 113 양꼬치 앞,도로(가로)변,일반쓰레기,일반 사각 쓰레기통,2023년 교체,환경공무관 2반,2025-03-06,,마포구 어울마당로 113 양꼬치,37.5501579756375,126.920535290192
73.0,마포구,서울특별시 마포구 어울마당로122,어울마당로 122 도담돌솥밥,도로(가로)변,일반쓰레기,일반 사각 쓰레기통,2023년 교체,환경공무관 2반,2025-03-06,,마포구 어울마당로 122,37.555300375451004,126.92388541273878
74.0,마포구,서울특별시 마포구 어울마당로123-1,어울마당로 123-1 미쓰족발 홍대본점 앞,도로(가로)변,일반쓰레기,일반 사각 쓰레기통,2023년 교체,환경공무관 2반,2025-03-06,,마포구 어울마당로 123-1 미쓰족발 홍대본점,37.555701227763606,126.92374353788695
75.0,마포구,서울특별시 마포구 어울마당로123-1,어울마당로 123-1 미쓰족발 홍대본점 앞,도로(가로)변,일반쓰레기,일반 사각 쓰레기통,2023년 교체,환경공무관 2반,2025-03-06,,마포구 어울마당로 123-1 미쓰족발 홍대본점,37.555701227763606,126.92374353788695
76.0,마포구,서울특별시 마포구 어울마당로131,어울마당로 131 보승회관 앞,도로(가로)변,일반쓰레기,일반 사각 쓰레기통,2023년 교체,환경공무관 2반,2025-03-06,,마포구 어울마당로 131 보승회관,37.5561647622243,126.924399477166
77.0,마포구,서울특별시 마포구 어울마당로131,어울마당로 131 보승회관 앞,도로(가로)변,일반쓰레기,일반 사각 쓰레기통,2023년 교체,환경공무관 2반,2025-03-06,,마포구 어울마당로 131 보승회관,37.5561647622243,126.924399477166
78.0,마포구,서울특별시 마포구 어울마당로135,어울마당로 135 대동빌딩 앞,도로(가로)변,일반쓰레기,일반 사각 쓰레기통,2018년 이전,환경공무관 2반,2025-03-06,,마포구 어울마당로 135 대동빌딩,37.5563415975712,126.924775038475
79.0,마포구,서울특별시 마포구 어울마당로135,어울마당로 135 대동빌딩 앞,도로(가로)변,일반쓰레기,일반 사각 쓰레기통,2018년 이전,환경공무관 2반,2025-03-06,,마포구 어울마당로 135 대동빌딩,37.5563415975712,126.924775038475
80.0,마포구,서울특별시 마포구 어울마당로138,어울마당로 138 (마포관광정보센터),도로(가로)변,일반쓰레기,일반 사각 쓰레기통,2018년 이전,환경공무관 2반,2025-03-06,,마포구 어울마당로 138,37.552792,126.922532
81.0,마포구,서울특별시 마포구 어울마당로138,어울마당로 138 (마포관광정보센터),도로(가로)변,일반쓰레기,일반 사각 쓰레기통,2018년 이전,환경공무관 2반,2025-03-06,,마포구 어울마당로 138,37.552792,126.922532
82.0,마포구,서울특별시 마포구 와우산로29길72,와우산로29길 72 광장 내 청운부동산 앞,광장 등 다중집합장소,일반쓰레기,일반 사각 쓰레기통,2018년 이전,환경공무관 2반,2025-03-06,,마포구 와우산로29길 72 청운부동산,37.556385942970564,126.92651788510352
83.0,마포구,서울특별시 마포구 와우산로29길72,와우산로29길 72 광장 내 청운부동산 앞,광장 등 다중집합장소,일반쓰레기,일반 사각 쓰레기통,2018년 이전,환경공무관 2반,2025-03-06,,마포구 와우산로29길 72 청운부동산,37.556385942970564,126.92651788510352
84.0,마포구,서울특별시 마포구 와우산로35길69,와우산로35길 69(서교동348-82) 공원 중앙,광장 등 다중집합장소,일반쓰레기,일반 사각 쓰레기통,2018년 이전,환경공무관 2반,2025-03-06,,마포구 와우산로35길 69 공원,37.558803479324,126.925338455597
85.0,마포구,서울특별시 마포구 연희로43,연희로 43 연남동 버스정류장(14-226),정류장(버스 택시 등),일반쓰레기,일반 사각 쓰레기통,2018년 이전,환경공무관 2반,2025-03-06,,마포구 연희로 43 연남동,37.566126,126.923080
86.0,마포구,서울특별시 마포구 연희로1-1,연희로 1-1 다모아가구 앞,도로(가로)변,일반쓰레기,일반 사각 쓰레기통,2018년 이전,환경공무관 2반,2025-03-06,,마포구 연희로 1-1 다모아가구,37.5589967986599,126.926142963278
87.0,마포구,서울특별시 마포구 양화로183,양화로 183 홍익인간오피스텔,도로(가로)변,일반쓰레기,일반 사각 쓰레기통,2018년 이전,환경공무관 2반,2025-03-06,,마포구 양화로 183 홍익인간오피스텔,37.55839519249938,126.92512495695307
88.0,마포구,서울특별시 마포구 양화로171,양화로 171 삼성디지털프라자 앞,지하철역 입구,일반쓰레기,일반 사각 쓰레기통,2018년 이전,환경공무관 2반,2025-03-06,,마포구 양화로 171 삼성디지털프라자,37.55756469820786,126.92406645558366
89.0,마포구,서울특별시 마포구 양화로133,양화로 133 서교타워 앞,도로(가로)변,일반쓰레기,일반 사각 쓰레기통,2018년 이전,환경공무관 2반,2025-03-06,,마포구 양화로 133 서교타워,37.55536693359483,126.92096660794702
90.0,마포구,서울특별시 마포구 양화로119,양화로 119 메디람 한방병원 앞,도로(가로)변,일반쓰레기,일반 사각 쓰레기통,2018년 이전,환경공무관 2반,2025-03-06,,마포구 양화로 119 메디람 한방병원,37.5543579144178,126.919775975715
91.0,마포구,서울특별시 마포구 양화로100-2,양화로 100-2 중앙차로 버스정류장(14-013),버스중앙차로내,재활용쓰레기,일반 사각 쓰레기통,2018년 이전,환경공무관 2반,2025-03-06,,마포구 양화로 100-2,37.555170,126.920498
92.0,마포구,서울특별시 마포구 양화로100-2,양화로 100-2 중앙차로 버스정류장(14-014),버스중앙차로내,재활용쓰레기,일반 사각 쓰레기통,2018년 이전,환경공무관 2반,2025-03-06,,마포구 양화로 100-2,37.555170,126.920498
93.0,마포구,서울특별시 마포구 양화로107,양화로 107 스타벅스 앞,도로(가로)변,일반쓰레기,일반 사각 쓰레기통,2018년 이전,환경공무관 2반,2025-03-06,,마포구 양화로 107 스타벅스,37.553373200654896,126.91857176870901
94.0,마포구,서울특별시 마포구 양화로99,양화로 99 지산한의원 앞,도로(가로)변,일반쓰레기,일반 사각 쓰레기통,2018년 이전,환경공무관 2반,2025-03-06,,마포구 양화로 99 지산한의원,37.5530540067974,126.918223553287
95.0,마포구,서울특별시 마포구 양화로7길4,양화로 67 합정역 2번 출구 KT대리점 앞,지하철역 입구,일반쓰레기,일반 사각 쓰레기통,2018년 이전,환경공무관 2반,2025-03-06,,마포구 양화로 67 합정역,37.550938,126.914931
96.0,마포구,서울특별시 마포구 양화로7길4,합정역 2번 출구 KT대리점 앞,지하철역 입구,일반쓰레기,일반 사각 쓰레기통,2021년 설치,환경공무관 2반,2025-03-06,,마포구 합정역,37.54991315995173,126.91445406513526
97.0,마포구,서울특별시 마포구 양화로57,양화로 57 배전반 옆(합정역 10번 출구),도로(가로)변,일반쓰레기,일반 사각 쓰레기통,2018년 이전,환경공무관 2반,2025-03-06,,마포구 양화로 57 배전반,37.553807,126.915276
98.0,마포구,서울특별시 마포구 양화로29,양화로 29 배전반 옆(아람광고),도로(가로)변,일반쓰레기,일반 사각 쓰레기통,2018년 이전,환경공무관 2반,2025-03-06,,마포구 양화로 29 배전반,37.554079,126.913492
99.0,마포구,서울특별시 마포구 양화로32,양화로 32 한강공원 안내판 옆,광장 등 다중집합장소,일반쓰레기,일반 사각 쓰레기통,2018년 이전,환경공무관 2반,2025-03-06,,마포구 양화로 32 한강판,37.554447,126.913370
100.0,마포구,서울특별시 마포구 양화로32,양화로 32 한강공원 안내판 옆,광장 등 다중집합장소,일반쓰레기,일반 사각 쓰레기통,2018년 이전,환경공무관 2반,2025-03-06,,마포구 양화로 32 한강판,37.554447,126.913370
101.0,마포구,서울특별시 마포구 독막로14,독막로 14 합정365약국 앞,도로(가로)변,일반쓰레기,일반 사각 쓰레기통,2018년 이전,환경공무관 2반,2025-03-06,,마포구 독막로 14 합정365약국,37.54844217750285,126.91493555624012
102.0,마포구,서울특별시 마포구 독막로36,독막로 36 동양인테리어 앞,도로(가로)변,일반쓰레기,일반 사각 쓰레기통,2018년 이전,환경공무관 2반,2025-03-06,,마포구 독막로 36 동양인테리어,37.5479465765344,126.917400787492
103.0,마포구,서울특별시 마포구 독막로74,독막로 74 한빛부동산 앞,도로(가로)변,일반쓰레기,일반 사각 쓰레기통,2018년 이전,환경공무관 2반,2025-03-06,,마포구 독막로 74,37.5476286608583,126.921565481788
104.0,마포구,서울특별시 마포구 상수동1-3,독막로 래미안밤섬아파트 서강육교 앞 버스정류장(14-126),도로(가로)변,일반쓰레기,일반 사각 쓰레기통,2018년 이전,환경공무관 2반,2025-03-06,,마포구 독막로 래미안밤섬아파트 홍대입구역,37.547710,126.933600
105.0,마포구,서울특별시 마포구 독막로101,독막로 101 BR오피스텔 앞,도로(가로)변,일반쓰레기,일반 사각 쓰레기통,2018년 이전,환경공무관 2반,2025-03-06,,마포구 독막로 101 BR오피스텔,37.547988469701764,126.92481285574434
106.0,마포구,서울특별시 마포구 독막로87,독막로 87 상수역 2번 출구 앞(자전거보관소),도로(가로)변,일반쓰레기,일반 사각 쓰레기통,2018년 이전,환경공무관 2반,2025-03-06,,마포구 독막로 87 상수역,37.547239,126.922178
107.0,마포구,서울특별시 마포구 독막로37,독막로37 대양빌딩 청구경희한의원 앞,도로(가로)변,일반쓰레기,일반 사각 쓰레기통,2018년 이전,환경공무관 2반,2025-03-06,,마포구 독막로37,37.5482747451922,126.91769464783
108.0,마포구,서울특별시 마포구 독막로5,독막로 5 합정역 6번 출구 ,지하철역 입구,일반쓰레기,일반 사각 쓰레기통,2018년 이전,환경공무관 2반,2025-03-06,,마포구 독막로 5 합정역,37.54894721263549,126.91434766375866
109.0,마포구,서울특별시 마포구 독막로5,독막로 5 합정역 6번 출구 ,지하철역 입구,일반쓰레기,일반 사각 쓰레기통,2021년 설치,환경공무관 2반,2025-03-06,,마포구 독막로 5 합정역,37.54894721263549,126.91434766375866
110.0,마포구,서울특별시 마포구 양화로50,양화로 50 합정역 5번 출구 앞,지하철역 입구,일반쓰레기,일반 사각 쓰레기통,2018년 이전,환경공무관 2반,2025-03-06,,마포구 양화로 50 합정역,37.5493552585647,126.914201215131
111.0,마포구,서울특별시 마포구 양화로50,양화로 50 합정역 5번 출구 앞,지하철역 입구,일반쓰레기,일반 사각 쓰레기통,2021년 설치,환경공무관 2반,2025-03-06,,마포구 양화로 50 합정역,37.5493552585647,126.914201215131
112.0,마포구,서울특별시 마포구 양화로68,양화로 68 합정역 3번 출구 앞,지하철역 입구,일반쓰레기,일반 사각 쓰레기통,2018년 이전,환경공무관 2반,2025-03-06,,마포구 양화로 68 합정역,37.550938,126.914931
113.0,마포구,서울특별시 마포구 양화로68,양화로 68 합정역 3번 출구 앞,지하철역 입구,일반쓰레기,일반 사각 쓰레기통,2021년 설치,환경공무관 2반,2025-03-06,,마포구 양화로 68 합정역,37.550938,126.914931
114.0,마포구,서울특별시 마포구 양화로100,양화로 100 버거킹 앞,도로(가로)변,일반쓰레기,일반 사각 쓰레기통,2018년 이전,환경공무관 2반,2025-03-06,,마포구 양화로 100 버거킹,37.5526578058316,126.918568020291
115.0,마포구,서울특별시 마포구 양화로100-2,"홍대입구역 사거리, 횡당보도 앞",도로(가로)변,일반쓰레기,일반 사각 쓰레기통,2018년 이전,환경공무관 2반,2025-03-06,,마포구 홍대입구역 횡당보도,37.557176,126.925952
116.0,마포구,서울특별시 마포구 양화로100-2,"홍대입구역 사거리, 버스정류장(14-832) 앞",도로(가로)변,일반쓰레기,일반 사각 쓰레기통,2023년 교체,환경공무관 2반,2025-03-06,,마포구 홍대입구역,37.5568707448873,126.923778562273
117.0,마포구,서울특별시 마포구 홍익로23,홍익로 23 나이키홍대점 앞,도로(가로)변,일반쓰레기,일반 사각 쓰레기통,2018년 이전,환경공무관 2반,2025-03-06,,마포구 홍익로 23 나이키홍대입구역,37.556428,126.925859
118.0,마포구,서울특별시 마포구 홍익로19,홍익로 19 세븐일레븐 앞,도로(가로)변,일반쓰레기,일반 사각 쓰레기통,2018년 이전,환경공무관 2반,2025-03-06,,마포구 홍익로 19 세븐일레븐,37.5539868308729,126.922667895679
119.0,마포구,서울특별시 마포구 홍익로11,홍익로 11 프리스비빌딩 앞,도로(가로)변,일반쓰레기,일반 사각 쓰레기통,2018년 이전,환경공무관 2반,2025-03-06,,마포구 홍익로 11 빌딩,37.5576667697525,126.925891892022
120.0,마포구,서울특별시 마포구 홍익로5,홍익로 5 LG유플러스 앞,도로(가로)변,일반쓰레기,일반 사각 쓰레기통,2018년 이전,환경공무관 2반,2025-03-06,,마포구 홍익로 5 LG유플러스,37.5576899049299,126.925430108068
121.0,마포구,서울특별시 마포구 와우산로71,와우산로 71 프라이빗홍대점 앞,도로(가로)변,일반쓰레기,일반 사각 쓰레기통,2018년 이전,환경공무관 2반,2025-03-06,,마포구 와우산로 71,37.550853214159204,126.92275034988575
122.0,마포구,서울특별시 마포구 잔다리로16,잔다리로 16 엠플레이그라운드 앞,도로(가로)변,일반쓰레기,일반 사각 쓰레기통,2023년 교체,환경공무관 2반,2025-03-06,,마포구 잔다리로 16 엠플레이그라운드,37.553728,126.922348
123.0,마포구,서울특별시 마포구 어울마당로65,어울마당로 65 KT 앞,도로(가로)변,일반쓰레기,일반 사각 쓰레기통,2023년 교체,환경공무관 2반,2025-03-06,,마포구 어울마당로 65 KT,37.55774689055771,126.92436392571598
124.0,마포구,서울특별시 마포구 잔다리로40,잔다리로 40 버스정류장(14-984),도로(가로)변,일반쓰레기,일반 사각 쓰레기통,2018년 이전,환경공무관 2반,2025-03-06,,마포구 잔다리로 40,37.5519483420485,126.919329281419
125.0,마포구,서울특별시 마포구 잔다리로17,잔다리로 17 티켓라운지 앞,도로(가로)변,일반쓰레기,일반 사각 쓰레기통,2018년 이전,환경공무관 2반,2025-03-06,,마포구 잔다리로 17,37.5506268223611,126.921023669733
126.0,마포구,서울특별시 마포구 잔다리로13,잔다리로 13 버스정류장(14-884),도로(가로)변,일반쓰레기,일반 사각 쓰레기통,2018년 이전,환경공무관 2반,2025-03-06,,마포구 잔다리로 13,37.5505767556212,126.921607658947
127.0,마포구,서울특별시 마포구 와우산로55,와우산로 55 아크스테이션 앞 버스정류장(14-231),도로(가로)변,일반쓰레기,일반 사각 쓰레기통,2018년 이전,환경공무관 2반,2025-03-06,,마포구 와우산로 55,37.54938017621972,126.92289445697394
128.0,마포구,서울특별시 마포구 와우산로56,와우산로 56 우리은행 홍익대지점 앞 버스정류장(14-230),도로(가로)변,일반쓰레기,일반 사각 쓰레기통,2018년 이전,환경공무관 2반,2025-03-06,,마포구 와우산로 56,37.5495111508605,126.923401298373
129.0,마포구,서울특별시 마포구 와우산로157,와우산로 157 산울림소극장 앞 버스정류장(14-235),도로(가로)변,일반쓰레기,일반 사각 쓰레기통,2018년 이전,환경공무관 2반,2025-03-06,,마포구 와우산로 157 산울림소극장,37.5550834709886,126.93009542405
130.0,마포구,서울특별시 마포구 와우산로121,와우산로 121 삼진제약 앞 버스정류장(14-283),도로(가로)변,일반쓰레기,일반 사각 쓰레기통,2018년 이전,환경공무관 2반,2025-03-06,,마포구 와우산로 121 삼진제약,37.5535570456897,126.926896388723
131.0,마포구,서울특별시 마포구 와우산로97,와우산로 97 하나은행 앞 버스정류장(14-233),정류장(버스 택시 등),일반쓰레기,일반 사각 쓰레기통,2018년 이전,환경공무관 2반,2025-03-06,,마포구 와우산로 97 하나은행,37.553094133329715,126.92435391602793
132.0,마포구,서울특별시 마포구 홍익로6,홍익로 6 CU편의점 앞,도로(가로)변,일반쓰레기,일반 사각 쓰레기통,2018년 이전,환경공무관 2반,2025-03-06,,마포구 홍익로 6 CU편의점,37.55333178951972,126.92403114093405
133.0,마포구,서울특별시 마포구 홍익로10,홍익로 10 서교푸르지오아파트 앞,도로(가로)변,일반쓰레기,일반 사각 쓰레기통,2018년 이전,환경공무관 2반,2025-03-06,,마포구 홍익로 10 서교푸르지오아파트,37.55379288404938,126.92369568722683
134.0,마포구,서울특별시 마포구 홍익로18,홍익로 18 국민은행 앞,도로(가로)변,일반쓰레기,일반 사각 쓰레기통,2018년 이전,환경공무관 2반,2025-03-06,,마포구 홍익로 18 국민은행,37.55604881087937,126.92205462400821
135.0,마포구,서울특별시 마포구 홍익로20,홍익로 20 걷고관광초소 앞,도로(가로)변,일반쓰레기,일반 사각 쓰레기통,2018년 이전,환경공무관 2반,2025-03-06,,마포구 홍익로 20,37.5543833673062,126.922816872606
136.0,마포구,서울특별시 마포구 홍익로20,홍익로 20 걷고관광초소 앞,도로(가로)변,일반쓰레기,일반 사각 쓰레기통,2018년 이전,환경공무관 2반,2025-03-06,,마포구 홍익로 20,37.5543833673062,126.922816872606
137.0,마포구,서울특별시 마포구 어울마당로107,어울마당로 107 AA플레이스 앞,도로(가로)변,일반쓰레기,일반 사각 쓰레기통,2018년 이전,환경공무관 2반,2025-03-06,,마포구 어울마당로 107,37.5545417322357,126.922495300905
138.0,마포구,서울특별시 마포구 양화로140,양화로 140 홍대사거리 (문화게시판 13-1옆),도로(가로)변,일반쓰레기,일반 사각 쓰레기통,2023년 교체,환경공무관 2반,2025-03-06,,마포구 양화로 140 홍대,37.55509649610643,126.9221144657527
139.0,마포구,서울특별시 마포구 양화로140,양화로 140 (양화로 복합시설 신축공사현장 앞),도로(가로)변,일반쓰레기,일반 사각 쓰레기통,2018년 이전,환경공무관 2반,2025-03-06,,마포구 양화로 140,37.55511260345064,126.92194695320684
140.0,마포구,서울특별시 마포구 동교동155-55,홍대입구역 중앙차로 버스정류장(14-015),버스중앙차로내,일반쓰레기,일반 사각 쓰레기통,2022년 설치,환경공무관 2반,2025-03-06,,마포구 홍대입구역,37.5568707448873,126.923778562273
141.0,마포구,서울특별시 마포구 양화로18길3,홍대입구역 8번 출구 앞,지하철역 입구,일반쓰레기,일반 사각 쓰레기통,2022년 설치,환경공무관 2반,2025-03-06,,마포구 홍대입구역,37.5568707448873,126.923778562273
142.0,마포구,서울특별시 마포구 성산동200-433,중동초등학교 버스정류장(14-157),정류장(버스 택시 등),일반쓰레기,일반 사각 쓰레기통,2018년 이전,환경공무관 3반,2025-03-06,,마포구 중동초등학교,37.5668417606122,126.911693234059
143.0,마포구,서울특별시 마포구 성산동664,월드컵경기장 서측 버스정류장(14-105),정류장(버스 택시 등),일반쓰레기,일반 사각 쓰레기통,2019년 설치,환경공무관 3반,2025-03-06,,마포구 월드컵경기장,37.56825003712418,126.89724365713197
144.0,마포구,서울특별시 마포구 성산동664,월드컵경기장 서측 버스정류장(14-105),정류장(버스 택시 등),일반쓰레기,일반 사각 쓰레기통,2019년 설치,환경공무관 3반,2025-03-06,,마포구 월드컵경기장,37.56825003712418,126.89724365713197
145.0,마포구,서울특별시 마포구 성산동665,월드컵3단지 후문 버스정류장(14-115),정류장(버스 택시 등),일반쓰레기,일반 사각 쓰레기통,2018년 이전,환경공무관 3반,2025-03-06,,마포구 월드컵3단지 후문,37.559405,126.901100
146.0,마포구,서울특별시 마포구 성산동665-1,하늘공원주차장 버스정류장(14-332),정류장(버스 택시 등),일반쓰레기,일반 사각 쓰레기통,2018년 이전,환경공무관 3반,2025-03-06,,마포구 하늘공원주차장,37.56798411239584,126.89204849703927
147.0,마포구,서울특별시 마포구 월드컵로42길22,"상암월드컵파크 6,7단지 버스정류장(14-612)",정류장(버스 택시 등),일반쓰레기,일반 사각 쓰레기통,2022년 설치,환경공무관 3반,2025-03-06,,마포구 상암월드컵파크 6 7단지,37.570570,126.887785
148.0,마포구,서울특별시 마포구 상암동1731-9,월드컵파크3단지 버스정류장(14-108),정류장(버스 택시 등),일반쓰레기,일반 사각 쓰레기통,2018년 이전,환경공무관 3반,2025-03-06,,마포구 홍대입구역,37.5568707448873,126.923778562273
149.0,마포구,서울특별시 마포구 상암동1542-4,서부면허시험장 버스정류장(14-109),정류장(버스 택시 등),일반쓰레기,일반 사각 쓰레기통,2018년 이전,환경공무관 3반,2025-03-06,,마포구 서부면허시험장,37.5790547487661,126.881823326004
150.0,마포구,서울특별시 마포구 상암동1542-4,서부면허시험장 버스정류장(14-109),정류장(버스 택시 등),일반쓰레기,일반 사각 쓰레기통,2018년 이전,환경공무관 3반,2025-03-06,,마포구 서부면허시험장,37.5790547487661,126.881823326004
151.0,마포구,서울특별시 마포구 상암동478-13,서부면허시험장 버스정류장(14-110),정류장(버스 택시 등),일반쓰레기,일반 사각 쓰레기통,2018년 이전,환경공무관 3반,2025-03-06,,마포구 서부면허시험장,37.5790547487661,126.881823326004
152.0,마포구,서울특별시 마포구 상암동478-13,서부면허시험장 버스정류장(14-110),정류장(버스 택시 등),일반쓰레기,일반 사각 쓰레기통,2018년 이전,환경공무관 3반,2025-03-06,,마포구 서부면허시험장,37.5790547487661,126.881823326004
153.0,마포구,서울특별시 마포구 월드컵로42길 9-1,서부면허시험장 버스정류장(14-493),정류장(버스 택시 등),일반쓰레기,일반 사각 쓰레기통,2023년 설치,환경공무관 3반,2025-03-06,,마포구 서부면허시험장,37.5790547487661,126.881823326004
154.0,마포구,서울특별시 마포구 상암동1758,월드컵파크9단지 버스정류장(14-335),정류장(버스 택시 등),일반쓰레기,일반 사각 쓰레기통,2018년 이전,환경공무관 3반,2025-03-06,,마포구 홍대입구역,37.5568707448873,126.923778562273
155.0,마포구,서울특별시 마포구 상암동1757,상암동 하늘초등학교 버스정류장(14-337),정류장(버스 택시 등),일반쓰레기,일반 사각 쓰레기통,2018년 이전,환경공무관 3반,2025-03-06,,마포구 상암동 하늘초등학교,37.5854111439077,126.880816954036
156.0,마포구,서울특별시 마포구 월드컵북로396,월드컵북로396 누리꿈스퀘어 주차장 옆,도로(가로)변,일반쓰레기,일반 사각 쓰레기통,2018년 이전,환경공무관 3반,2025-03-06,,마포구 월드컵북로396 누리꿈스퀘어 주차장,37.5790203667786,126.891038590629
157.0,마포구,서울특별시 마포구 월드컵북로396,월드컵북로396 KFC 상암DMC점 앞,정류장(버스 택시 등),일반쓰레기,일반 사각 쓰레기통,2018년 이전,환경공무관 3반,2025-03-06,,마포구 월드컵북로396 KFC 상암디지털미디어시티역점,37.579156,126.889702
158.0,마포구,서울특별시 마포구 월드컵북로15,월드컵북로 15 시디즈 홍대점 앞,도로(가로)변,일반쓰레기,일반 사각 쓰레기통,2023년 교체,환경공무관 3반,2025-03-06,,마포구 월드컵북로 15 홍대입구역,37.5562086801027,126.919948280374
159.0,마포구,서울특별시 마포구 상암동1715-6,누리꿈스퀘어(MBC) 버스정류장(14-307),정류장(버스 택시 등),일반쓰레기,일반 사각 쓰레기통,2018년 이전,환경공무관 3반,2025-03-06,,마포구 누리꿈스퀘어,37.57949210905622,126.88966127334376
160.0,마포구,서울특별시 마포구 월드컵북로6길3,월드컵북로 6길 3 수협 앞,도로(가로)변,일반쓰레기,일반 사각 쓰레기통,2018년 이전,환경공무관 3반,2025-03-06,,마포구 월드컵북로 6길 3 수협,37.55789015646301,126.9189437331329
161.0,마포구,서울특별시 마포구 월드컵북로54길12,월드컵북로54길 12 국악방송 앞,도로(가로)변,일반쓰레기,일반 사각 쓰레기통,2018년 이전,환경공무관 3반,2025-03-06,,마포구 월드컵북로54길 12 국악방송,37.580647680207,126.88923049666259
162.0,마포구,서울특별시 마포구 월드컵북로78,월드컵북로 78 cu편의점 앞,도로(가로)변,일반쓰레기,일반 사각 쓰레기통,2018년 이전,환경공무관 3반,2025-03-06,,마포구 월드컵북로 78 cu편의점,37.5590750513158,126.916478546781
163.0,마포구,서울특별시 마포구 월드컵북로120,버스정류장(14-186),정류장(버스 택시 등),일반쓰레기,일반 사각 쓰레기통,2018년 이전,환경공무관 3반,2025-03-06,,마포구 ,37.5553965854703,126.923580878826
164.0,마포구,서울특별시 마포구 월드컵북로136,월드컵북로 136 하나은행 옆,도로(가로)변,일반쓰레기,일반 사각 쓰레기통,2018년 이전,환경공무관 3반,2025-03-06,,마포구 월드컵북로 136 하나은행,37.56502954364997,126.91248089674846
165.0,마포구,서울특별시 마포구 성산동24-12,성산2교 버스정류장(14-198),정류장(버스 택시 등),일반쓰레기,일반 사각 쓰레기통,2018년 이전,환경공무관 3반,2025-03-06,,마포구 성산2교,37.565595547339164,126.9115113395146
166.0,마포구,서울특별시 마포구 월드컵북로56길9,월드컵북로56길 9 옆 가온문화공원,광장 등 다중집합장소,일반쓰레기,일반 사각 쓰레기통,2023년 교체,환경공무관 3반,2025-03-06,,마포구 월드컵북로56길 9 가온문화공원,37.569671,126.891472
167.0,마포구,서울특별시 마포구 상암동1694-5,월드컵파크7단지 버스정류장(14-272),정류장(버스 택시 등),일반쓰레기,일반 사각 쓰레기통,2018년 이전,환경공무관 3반,2025-03-06,,마포구 홍대입구역,37.5568707448873,126.923778562273
168.0,마포구,서울특별시 마포구 가양대로124,월드컵파크7단지 버스정류장(14-271),정류장(버스 택시 등),일반쓰레기,일반 사각 쓰레기통,2018년 이전,환경공무관 3반,2025-03-06,,마포구 홍대입구역,37.5568707448873,126.923778562273
169.0,마포구,서울특별시 마포구 상암동1715-25,상암고등학교 버스정류장(14-291),정류장(버스 택시 등),일반쓰레기,일반 사각 쓰레기통,2018년 이전,환경공무관 3반,2025-03-06,,마포구 홍대입구역,37.5568707448873,126.923778562273
170.0,마포구,서울특별시 마포구 상암산로1길52,상암산로1길 52 월드컵파크5단지 508동 앞,도로(가로)변,일반쓰레기,일반 사각 쓰레기통,2018년 이전,환경공무관 3반,2025-03-06,,마포구 상암산로1길 52 홍대입구역,37.577643,126.891304
171.0,마포구,서울특별시 마포구 상암산로1길52,월드컵파크5단지 버스정류장(14-289),정류장(버스 택시 등),일반쓰레기,일반 사각 쓰레기통,2018년 이전,환경공무관 3반,2025-03-06,,마포구 홍대입구역,37.5568707448873,126.923778562273
172.0,마포구,서울특별시 마포구 월드컵로202,월드컵로202 마포구청역 1번 출구 앞,도로(가로)변,일반쓰레기,일반 사각 쓰레기통,2018년 이전,환경공무관 3반,2025-03-06,,마포구 월드컵로202 마포구청역,37.566315,126.901401
173.0,마포구,서울특별시 마포구 월드컵로204,월드컵로204 마포구 청사 맞은편 횡단보도,도로(가로)변,일반쓰레기,일반 사각 쓰레기통,2018년 이전,환경공무관 3반,2025-03-06,,마포구 월드컵로204 마포구 청사,37.566534,126.901246
174.0,마포구,서울특별시 마포구 상암산로1길26,상암산로1길 26 상암중학교 앞,도로(가로)변,일반쓰레기,일반 사각 쓰레기통,2018년 이전,환경공무관 3반,2025-03-06,,마포구 상암산로1길 26 상암중학교,37.5790897397893,126.888144865456
175.0,마포구,서울특별시 마포구 월드컵로212,구청 광장 대로변,광장 등 다중집합장소,일반쓰레기,일반 사각 쓰레기통,2018년 이전,환경공무관 3반,2025-03-06,,마포구 구청,37.5662141901015,126.9019551411
176.0,마포구,서울특별시 마포구 월드컵로212,구청 광장,광장 등 다중집합장소,일반쓰레기,일반 사각 쓰레기통,2018년 이전,시설관리공단,2025-03-06,,마포구 구청,37.5662141901015,126.9019551411
177.0,마포구,서울특별시 마포구 월드컵로212,구청 광장 재활용,광장 등 다중집합장소,재활용쓰레기,일반 사각 쓰레기통,2018년 이전,시설관리공단,2025-03-06,,마포구 구청,37.5662141901015,126.9019551411
178.0,마포구,서울특별시 마포구 월드컵로212,마포구의회 앞 마을버스정류장(14-563),정류장(버스 택시 등),일반쓰레기,일반 사각 쓰레기통,2018년 이전,환경공무관 3반,2025-03-06,,마포구의회,37.5663109580717,126.901307568906
179.0,마포구,서울특별시 마포구 월드컵북로381,월드컵북로381 월드컵파크4단지 401동 앞,도로(가로)변,일반쓰레기,일반 사각 쓰레기통,2018년 이전,환경공무관 3반,2025-03-06,,마포구 월드컵북로381 홍대입구역,37.557176,126.925952
180.0,마포구,서울특별시 마포구 월드컵북로381,월드컵북로 381 버스정류장(14-306),정류장(버스 택시 등),일반쓰레기,일반 사각 쓰레기통,2018년 이전,환경공무관 3반,2025-03-06,,마포구 월드컵북로 381,37.578327159763,126.88969921895
181.0,마포구,서울특별시 마포구 월드컵북로381,월드컵북로 381 버스정류장(14-306),정류장(버스 택시 등),일반쓰레기,일반 사각 쓰레기통,2018년 이전,환경공무관 3반,2025-03-06,,마포구 월드컵북로 381,37.578327159763,126.88969921895
182.0,마포구,서울특별시 마포구 월드컵북로235,성중길 월드컵경기장역 마을버스정류장(14-573),정류장(버스 택시 등),일반쓰레기,일반 사각 쓰레기통,2018년 이전,환경공무관 3반,2025-03-06,,마포구 성중길 월드컵경기장역,37.568932,126.896855
183.0,마포구,서울특별시 마포구 상암동1715,상암이안 2단지 버스정류장(14-287),정류장(버스 택시 등),일반쓰레기,일반 사각 쓰레기통,2018년 이전,환경공무관 3반,2025-03-06,,마포구 상암이안 2단지,37.57707183181888,126.89137991602801
184.0,마포구,서울특별시 마포구 월드컵로220,마포농수산물시장 3거리 홈플러스 입구,도로(가로)변,일반쓰레기,일반 사각 쓰레기통,2018년 이전,환경공무관 3반,2025-03-06,,마포구 마포농수산물시장 3거리,37.56342956455613,126.90347660660528
185.0,마포구,서울특별시 마포구 월드컵로220,마포농수산물시장 3거리 홈플러스 입구,도로(가로)변,일반쓰레기,일반 사각 쓰레기통,2018년 이전,환경공무관 3반,2025-03-06,,마포구 마포농수산물시장 3거리,37.56342956455613,126.90347660660528
186.0,마포구,서울특별시 마포구 성산동665,월드컵경기장 남측 버스정류장(14-104),정류장(버스 택시 등),일반쓰레기,일반 사각 쓰레기통,2018년 이전,환경공무관 3반,2025-03-06,,마포구 월드컵경기장,37.56825003712418,126.89724365713197
187.0,마포구,서울특별시 마포구 월드컵북로47길46,월드컵파크2단지 버스정류장(14-117),정류장(버스 택시 등),일반쓰레기,일반 사각 쓰레기통,2018년 이전,환경공무관 3반,2025-03-06,,마포구 홍대입구역,37.5568707448873,126.923778562273
188.0,마포구,서울특별시 마포구 월드컵북로47길46,월드컵파크2단지 버스정류장(14-117),정류장(버스 택시 등),일반쓰레기,일반 사각 쓰레기통,2018년 이전,환경공무관 3반,2025-03-06,,마포구 홍대입구역,37.5568707448873,126.923778562273
189.0,마포구,서울특별시 마포구 상암동487-137,평화의공원 주차장입구 횡단보도 맞은편,도로(가로)변,일반쓰레기,일반 사각 쓰레기통,2018년 이전,환경공무관 3반,2025-03-06,,마포구 평화의공원 주차장,37.565529460607614,126.89466443125607
190.0,마포구,서울특별시 마포구 상암동487-137,평화의공원 주차장입구 횡단보도 맞은편,도로(가로)변,일반쓰레기,일반 사각 쓰레기통,2018년 이전,환경공무관 3반,2025-03-06,,마포구 평화의공원 주차장,37.565529460607614,126.89466443125607
191.0,마포구,서울특별시 마포구 상암동37-36,상암초등학교 버스정류장(14-166),정류장(버스 택시 등),일반쓰레기,일반 사각 쓰레기통,2018년 이전,환경공무관 3반,2025-03-06,,마포구 상암초등학교,37.576470092511,126.892500388693
192.0,마포구,서울특별시 마포구 성산동665,월드컵경기장 사거리,도로(가로)변,일반쓰레기,일반 사각 쓰레기통,2018년 이전,환경공무관 3반,2025-03-06,,마포구 월드컵경기장,37.56825003712418,126.89724365713197
193.0,마포구,서울특별시 마포구 성암로37,성암로 37 버스정류장(14-351),정류장(버스 택시 등),일반쓰레기,일반 사각 쓰레기통,2018년 이전,환경공무관 3반,2025-03-06,,마포구 성암로 37,37.579020,126.888496
194.0,마포구,서울특별시 마포구 월드컵로 지하190,마포구청역 5번 출구,지하철역 입구,일반쓰레기,일반 사각 쓰레기통,2018년 이전,환경공무관 3반,2025-03-06,,마포구청역,37.5634871865932,126.903425598797
195.0,마포구,서울특별시 마포구 상암동1138,성암로184 DMC역 7번 출구 버스정류장(14-358),지하철역 입구,일반쓰레기,일반 사각 쓰레기통,2018년 이전,환경공무관 3반,2025-03-06,,마포구 성암로184 디지털미디어시티역,37.57752092438604,126.89788185706144
196.0,마포구,서울특별시 마포구 월드컵로53,월드컵로 53 다사랑 치킨피자 앞,도로(가로)변,일반쓰레기,일반 사각 쓰레기통,2018년 이전,환경공무관 3반,2025-03-06,,마포구 월드컵로 53 다사랑 치킨피자,37.554012357595134,126.911543144462
197.0,마포구,서울특별시 마포구 상암동1695,DMC첨단산업센터 버스정류장(14-355),정류장(버스 택시 등),일반쓰레기,일반 사각 쓰레기통,2018년 이전,환경공무관 3반,2025-03-06,,마포구 디지털미디어시티역첨단산업센터,37.5850553825724,126.885500222139
198.0,마포구,서울특별시 마포구 월드컵로39,월드컵로 39 하동우렁추어탕 앞,정류장(버스 택시 등),일반쓰레기,일반 사각 쓰레기통,2018년 이전,환경공무관 3반,2025-03-06,,마포구 월드컵로 39 하동우렁추어탕,37.5527737593102,126.911909013471
199.0,마포구,서울특별시 마포구 월드컵로29,월드컵로 29 링컨 더파크모터스 앞,도로(가로)변,일반쓰레기,일반 사각 쓰레기통,2018년 이전,환경공무관 3반,2025-03-06,,마포구 월드컵로 29 링컨 더파크모터스,37.567153,126.912371
200.0,마포구,서울특별시 마포구 월드컵로30,월드컵로 30 세븐일레븐 앞,도로(가로)변,일반쓰레기,일반 사각 쓰레기통,2018년 이전,환경공무관 3반,2025-03-06,,마포구 월드컵로 30 세븐일레븐,37.55205170366495,126.91264206151386
201.0,마포구,서울특별시 마포구 성암로201,디지털미디어시티역 공항철로 9번 출구 앞,지하철역 입구,일반쓰레기,일반 사각 쓰레기통,2018년 이전,환경공무관 3반,2025-03-06,,마포구 디지털미디어시티역,37.57601374718818,126.90127778415635
202.0,마포구,서울특별시 마포구 성암로201,디지털미디어시티역 공항철로 9번 출구 앞,지하철역 입구,일반쓰레기,일반 사각 쓰레기통,2018년 이전,환경공무관 3반,2025-03-06,,마포구 디지털미디어시티역,37.57601374718818,126.90127778415635
203.0,마포구,서울특별시 마포구 월드컵로54,월드컵로 54 횡단보도 옆,도로(가로)변,일반쓰레기,일반 사각 쓰레기통,2018년 이전,환경공무관 3반,2025-03-06,,마포구 월드컵로 54,37.55413254529698,126.91201832201588
204.0,마포구,서울특별시 마포구 성산동196-2,마포중앙도서관 버스정류장(14-197),정류장(버스 택시 등),일반쓰레기,일반 사각 쓰레기통,2018년 이전,환경공무관 3반,2025-03-06,,마포구 마포도서관,37.56373600080743,126.90811569951101
205.0,마포구,서울특별시 마포구 상암동1715,"월드컵파크5단지 상암고등학교 버스정류장
(14-288)",정류장(버스 택시 등),일반쓰레기,일반 사각 쓰레기통,2018년 이전,환경공무관 3반,2025-03-06,,마포구 홍대입구역 홍대입구역,37.5568707448873,126.923778562273
206.0,마포구,서울특별시 마포구 성산동196-2,마포구청역 버스정류장(14-194),정류장(버스 택시 등),일반쓰레기,일반 사각 쓰레기통,2018년 이전,환경공무관 3반,2025-03-06,,마포구청역,37.5634871865932,126.903425598797
207.0,마포구,서울특별시 마포구 월드컵북로62길11,상암 DMC 버스정류장(14-290),정류장(버스 택시 등),일반쓰레기,일반 사각 쓰레기통,2018년 이전,환경공무관 3반,2025-03-06,,마포구 상암 디지털미디어시티역,37.57601374718818,126.90127778415635
208.0,마포구,서울특별시 마포구 성산동313-1,마포구청역 버스정류장(14-195),정류장(버스 택시 등),일반쓰레기,일반 사각 쓰레기통,2018년 이전,환경공무관 3반,2025-03-06,,마포구청역,37.5634871865932,126.903425598797
209.0,마포구,서울특별시 마포구 상암동1694-1,DMC첨단산업센터 버스정류장(14-111),정류장(버스 택시 등),일반쓰레기,일반 사각 쓰레기통,2018년 이전,환경공무관 3반,2025-03-06,,마포구 디지털미디어시티역첨단산업센터,37.5850553825724,126.885500222139
210.0,마포구,서울특별시 마포구 상암동1756-4,서부도로사업소 버스정류장(14-112),도로(가로)변,일반쓰레기,일반 사각 쓰레기통,2018년 이전,환경공무관 3반,2025-03-06,,마포구 서부도로사업소,37.586042243404,126.884855623214
211.0,마포구,서울특별시 마포구 성산동280-7,마포구청역 3번 출구 앞,지하철역 입구,일반쓰레기,일반 사각 쓰레기통,2018년 이전,환경공무관 3반,2025-03-06,,마포구청역,37.5634871865932,126.903425598797
212.0,마포구,서울특별시 마포구 성산동280-7,마포구청역 3번 출구 앞,지하철역 입구,일반쓰레기,일반 사각 쓰레기통,2018년 이전,환경공무관 3반,2025-03-06,,마포구청역,37.5634871865932,126.903425598797
213.0,마포구,서울특별시 마포구 성산동191-33,마포중앙도서관 버스정류장(14-196),도로(가로)변,일반쓰레기,일반 사각 쓰레기통,2018년 이전,환경공무관 3반,2025-03-06,,마포구 마포도서관,37.56373600080743,126.90811569951101
214.0,마포구,서울특별시 마포구 상암동1622-1,디지털미디어시티역 8번 출구 횡단보도 앞,지하철역 입구,일반쓰레기,일반 사각 쓰레기통,2018년 이전,환경공무관 3반,2025-03-06,,마포구 디지털미디어시티역,37.57601374718818,126.90127778415635
215.0,마포구,서울특별시 마포구 월드컵로74,월드컵로74 올리브영 앞,도로(가로)변,일반쓰레기,일반 사각 쓰레기통,2018년 이전,환경공무관 3반,2025-03-06,,마포구 월드컵로74 올리브영,37.555694363933526,126.9101434611642
216.0,마포구,서울특별시 마포구 월드컵로100,월드컵로 100 으뜸공인중개사 앞,도로(가로)변,일반쓰레기,일반 사각 쓰레기통,2018년 이전,환경공무관 3반,2025-03-06,,마포구 월드컵로 100 으뜸공인중개사,37.5575954943625,126.909001490236
217.0,마포구,서울특별시 마포구 월드컵로108,월드컵로 108 시골김치삼겹살 앞,도로(가로)변,일반쓰레기,일반 사각 쓰레기통,2018년 이전,환경공무관 3반,2025-03-06,,마포구 월드컵로 108,37.5582401771108,126.908443872716
218.0,마포구,서울특별시 마포구 성산동99-6,버스정류장(14-199),정류장(버스 택시 등),일반쓰레기,일반 사각 쓰레기통,2018년 이전,환경공무관 3반,2025-03-06,,마포구 ,37.5553965854703,126.923580878826
219.0,마포구,서울특별시 마포구 월드컵로158,월드컵로 158 LG베스트샵 앞,도로변(횡단보도 포함),일반쓰레기,일반 사각 쓰레기통,2018년 이전,환경공무관 3반,2025-03-06,,마포구 월드컵로 158 LG베스트샵,37.5619632435647,126.905206805418
220.0,마포구,서울특별시 마포구 월드컵북로260,버스정류장(14-162),정류장(버스 택시 등),일반쓰레기,일반 사각 쓰레기통,2018년 이전,환경공무관 3반,2025-03-06,,마포구 ,37.5553965854703,126.923580878826
221.0,마포구,서울특별시 마포구 월드컵북로137,월드컵북로 137 CS타워 앞,정류장(버스 택시 등),일반쓰레기,일반 사각 쓰레기통,2018년 이전,환경공무관 3반,2025-03-06,,마포구 월드컵북로 137 CS타워,37.5649208088391,126.911654754078
222.0,마포구,서울특별시 마포구 상암동1707,버스정류장(14-286),정류장(버스 택시 등),일반쓰레기,일반 사각 쓰레기통,2018년 이전,환경공무관 3반,2025-03-06,,마포구 ,37.5553965854703,126.923580878826
223.0,마포구,서울특별시 마포구 월드컵북로69,월드컵북로 69 바다약국 앞,도로(가로)변,일반쓰레기,일반 사각 쓰레기통,2018년 이전,환경공무관 3반,2025-03-06,,마포구 월드컵북로 69 바다약국,37.55993090222352,126.91634290711812
224.0,마포구,서울특별시 마포구 월드컵북로43길11,월드컵북로43길 11 세븐일레븐 앞,도로(가로)변,일반쓰레기,일반 사각 쓰레기통,2018년 이전,환경공무관 3반,2025-03-06,,마포구 월드컵북로43길 11 세븐일레븐,37.5761512717257,126.898763327527
225.0,마포구,서울특별시 마포구 성산동665,마포농수산물시장 버스정류장(14-103),정류장(버스 택시 등),일반쓰레기,일반 사각 쓰레기통,2018년 이전,환경공무관 3반,2025-03-06,,마포구 마포농수산물시장,37.5648030101604,126.89849571788136
226.0,마포구,서울특별시 마포구 성산동665,마포농수산물시장 입구 횡단보도(성산동665),도로(가로)변,일반쓰레기,일반 사각 쓰레기통,2018년 이전,환경공무관 3반,2025-03-06,,마포구 마포농수산물시장,37.5648030101604,126.89849571788136
227.0,마포구,서울특별시 마포구 월드컵로213,월드컵로 213 마포장애인복지회관 앞,도로(가로)변,일반쓰레기,일반 사각 쓰레기통,2018년 이전,환경공무관 3반,2025-03-06,,마포구 월드컵로 213 마포장애인복지회관,37.5654167587053,126.900816379087
228.0,마포구,서울특별시 마포구 월드컵로205,월드컵로 205 마포구청역 8번 출구 앞 버스정류장(14-102),도로(가로)변,일반쓰레기,일반 사각 쓰레기통,2018년 이전,환경공무관 3반,2025-03-06,,마포구 월드컵로 205 마포구청역,37.566315,126.901401
229.0,마포구,서울특별시 마포구 상암동1626,롯데하이마트 대각선 건너편 버스정류장(14-274),도로(가로)변,일반쓰레기,일반 사각 쓰레기통,2018년 이전,환경공무관 3반,2025-03-06,,마포구 대각선,37.57667074493649,126.91294839696492
230.0,마포구,서울특별시 마포구 성산동661,월드컵경기장 서측(문화비축기지) 버스정류장(14-106),정류장(버스 택시 등),일반쓰레기,일반 사각 쓰레기통,2019년 설치,환경공무관 3반,2025-03-06,,마포구 월드컵경기장,37.56825003712418,126.89724365713197
231.0,마포구,서울특별시 마포구 성산동661,월드컵경기장 서측(문화비축기지) 버스정류장(14-106),정류장(버스 택시 등),일반쓰레기,일반 사각 쓰레기통,2019년 설치,환경공무관 3반,2025-03-06,,마포구 월드컵경기장,37.56825003712418,126.89724365713197
232.0,마포구,서울특별시 마포구 월드컵북로233,성산아파트 버스정류장(14-163),정류장(버스 택시 등),일반쓰레기,일반 사각 쓰레기통,2018년 이전,환경공무관 3반,2025-03-06,,마포구 성산아파트,37.5639539745339,126.901333315557
233.0,마포구,서울특별시 마포구 월드컵북로221,월드컵북로 221 자전거대여소 옆,도로(가로)변,일반쓰레기,일반 사각 쓰레기통,2018년 이전,환경공무관 3반,2025-03-06,,마포구 월드컵북로 221 자전거대여소,37.56765707204602,126.91780802434323
234.0,마포구,서울특별시 마포구 월드컵북로183-2,성산2동주민센터 버스정류장(14-158),정류장(버스 택시 등),일반쓰레기,일반 사각 쓰레기통,2018년 이전,환경공무관 3반,2025-03-06,,마포구 성산주민센터,37.5633862382623,126.907889758422
235.0,마포구,서울특별시 마포구 신공덕동 56-87,공덕역 6번 출구 앞,지하철역 입구,일반쓰레기,일반 사각 쓰레기통,2023년 설치,환경공무관 1반,2025-03-06,,마포구 공덕역,37.5445416897534,126.951451177648
236.0,마포구,서울특별시 마포구 마포대로122,"공덕역 4번 출구, 택시승강장",정류장(버스 택시 등),일반쓰레기,일반 사각 쓰레기통,2023년 설치,환경공무관 1반,2025-03-06,,마포구 공덕역,37.5445416897534,126.951451177648
237.0,마포구,서울특별시 마포구 만리재로14,마포경찰서 교통센터 앞,도로(가로)변,일반쓰레기,일반 사각 쓰레기통,2023년 설치,환경공무관 1반,2025-03-06,,마포구 마포경찰서 교통센터,37.544082842974,126.95309110806
238.0,마포구,서울특별시 마포구 마포대로212,애오개역 3번 출구 앞,지하철역 입구,일반쓰레기,일반 사각 쓰레기통,2023년 설치,환경공무관 1반,2025-03-06,,마포구 애오개역,37.5534131497489,126.956669363197
239.0,마포구,서울특별시 마포구 백범로 98,대흥역 3번 출구 앞,지하철역 입구,일반쓰레기,일반 사각 쓰레기통,2023년 설치,환경공무관 1반,2025-03-06,,마포구 대흥역,37.5476479056751,126.942473188734
240.0,마포구,서울특별시 마포구 백범로 152,버스정류장(14-178),정류장(버스 택시 등),일반쓰레기,일반 사각 쓰레기통,2023년 설치,환경공무관 1반,2025-03-06,,마포구 ,37.5553965854703,126.923580878826
241.0,마포구,서울특별시 마포구 양화로153,홍대입구역 1번 출구 앞 자전거보관소,지하철역 입구,일반쓰레기,일반 사각 쓰레기통,2023년 설치,환경공무관 2반,2025-03-06,,마포구 홍대입구역,37.5568707448873,126.923778562273
242.0,마포구,서울특별시 마포구 양화로153,홍대입구역 1번 출구 앞 자전거보관소,지하철역 입구,일반쓰레기,일반 사각 쓰레기통,2023년 설치,환경공무관 2반,2025-03-06,,마포구 홍대입구역,37.5568707448873,126.923778562273
243.0,마포구,서울특별시 마포구 양화로188,"홍대입구역 4번 출구, CGV 앞",지하철역 입구,일반쓰레기,일반 사각 쓰레기통,2023년 설치,환경공무관 2반,2025-03-06,,마포구 홍대입구역,37.5568707448873,126.923778562273
244.0,마포구,서울특별시 마포구 양화로18길3,홍대입구역 8번 출구 앞,지하철역 입구,일반쓰레기,일반 사각 쓰레기통,2023년 설치,환경공무관 2반,2025-03-06,,마포구 홍대입구역,37.5568707448873,126.923778562273
245.0,마포구,서울특별시 마포구 양화로171,홍대입구역 2번 출구 삼성스토어 앞,지하철역 입구,일반쓰레기,일반 사각 쓰레기통,2023년 설치,환경공무관 2반,2025-03-06,,마포구 홍대입구역,37.5568707448873,126.923778562273
246.0,마포구,서울특별시 마포구 독막로 63,"상수역 1번 출구 레드로드 입구, 버스정류장(14-960)",정류장(버스 택시 등),일반쓰레기,일반 사각 쓰레기통,2023년 설치,환경공무관 2반,2025-03-06,,마포구 상수역 레드로드,37.5520822110007,126.921438593159
247.0,마포구,서울특별시 마포구 양화로 33-1,"합정역 8번 출구, 횡당보도 앞",지하철역 입구,일반쓰레기,일반 사각 쓰레기통,2023년 설치,환경공무관 3반,2025-03-06,,마포구 합정역 횡당보도,37.550316,126.914489
248.0,마포구,서울특별시 마포구 월드컵로 78,"망원역 1번 출구, 택시승강장",정류장(버스 택시 등),일반쓰레기,일반 사각 쓰레기통,2023년 설치,환경공무관 3반,2025-03-06,,마포구 망원역,37.5560826563712,126.910094329982
249.0,마포구,서울특별시 마포구 월드컵로87,망원역 하나은행 앞 배전함,도로(가로)변,일반쓰레기,일반 사각 쓰레기통,2023년 설치,환경공무관 3반,2025-03-06,,마포구 망원역 하나은행 배전함,37.556100,126.910724
250.0,마포구,서울특별시 마포구 월드컵로 143,버스정류장(14-253),정류장(버스 택시 등),일반쓰레기,일반 사각 쓰레기통,2023년 설치,환경공무관 3반,2025-03-06,,마포구 ,37.5553965854703,126.923580878826
251.0,마포구,서울특별시 마포구 월드컵로 143,버스정류장(14-253),정류장(버스 택시 등),일반쓰레기,일반 사각 쓰레기통,2023년 설치,환경공무관 3반,2025-03-06,,마포구 ,37.5553965854703,126.923580878826
252.0,마포구,서울특별시 마포구 월드컵로 61,버스정류장(14-249),정류장(버스 택시 등),일반쓰레기,일반 사각 쓰레기통,2023년 설치,환경공무관 3반,2025-03-06,,마포구 ,37.5553965854703,126.923580878826
253.0,마포구,서울특별시 마포구 백범로 152,버스정류장(14-178),정류장(버스 택시 등),일반쓰레기,일반 사각 쓰레기통,2023년 설치,환경공무관 1반,2025-03-06,,마포구 ,37.5553965854703,126.923580878826
254.0,마포구,서울특별시 마포구 상암동1731,"디지털미디어시티입구 교차로, 버스정류장(14-509)",정류장(버스 택시 등),일반쓰레기,일반 사각 쓰레기통,2023년 설치,환경공무관 3반,2025-03-06,,마포구 디지털미디어시티역,37.57601374718818,126.90127778415635
255.0,마포구,서울시 마포구 어울마당로 76,빈티지플러스 홍대점 앞,"광장, 공원",일반 사각,일반쓰레기,2024년 설치,신수환경,2025-03-06,,마포구 홍대입구역,37.5568707448873,126.923778562273
256.0,마포구,서울시 마포구 잔다리로 13,홍대한신포차 앞,상가지역,일반 사각,일반쓰레기,2024년 설치,신수환경,2025-03-06,,마포구 홍대한신포차,37.5505767556212,126.921607658947
257.0,마포구,서울시 마포구 어울마당로 65,홍대상상마당 부근,"광장, 공원",일반 사각,일반쓰레기,2024년 설치,신수환경,2025-03-06,,마포구 홍대상상마당,37.5510088755674,126.921068533254
258.0,마포구,서울시 마포구 어울마당로 65,홍대상상마당 부근,"광장, 공원",일반 사각,일반쓰레기,2024년 설치,신수환경,2025-03-06,,마포구 홍대상상마당,37.5510088755674,126.921068533254
259.0,마포구,서울시 마포구 잔다리로 8,홍대 어썸 앞,상가지역,일반 사각,일반쓰레기,2024년 설치,신수환경,2025-03-06,,마포구 홍대 어썸,37.5508799336703,126.92227728665
260.0,마포구,마포대로 61-1,마포대로 61-1 (횡단보도 앞),정류소(버스 가로변),일반 사각,일반쓰레기,2024년 설치,환경공무관 1반,2025-03-06,,마포구 마포대로 61-1,37.541374102251986,126.94798625212687
261.0,마포구,마포대로 33,마포역 1번 출구,지하철역 입구,일반 사각,재활용쓰레기,2024년 설치,환경공무관 1반,2025-03-06,,마포구 마포역,37.53955402908912,126.94586257221307
262.0,마포구,백범로 178,공덕역 1번 출구 신영지웰 앞,지하철역 입구,일반 사각,재활용쓰레기,2024년 설치,환경공무관 1반,2025-03-06,,마포구 공덕역 신영지웰,37.5438914981155,126.95008128160654
263.0,마포구,공덕동 255-10,공덕역 5번 출구 뒤,지하철역 입구,일반 사각,재활용쓰레기,2024년 설치,환경공무관 1반,2025-03-06,,마포구 공덕역,37.5445416897534,126.951451177648
264.0,마포구,서강로 55,GS 앞 버스정류장14-201,정류소(버스 가로변),일반 사각,재활용쓰레기,2024년 설치,환경공무관 1반,2025-03-06,,마포구 GS 14-201,37.556584,126.910275
265.0,마포구,창전로 60,광흥창역 3번출구 앞,지하철역 입구,일반 사각,일반쓰레기,2024년 설치,환경공무관 1반,2025-03-06,,마포구 광흥창역,37.54748648317645,126.93202965599583
266.0,마포구,대흥동 2-1,이대역 5번 출구 앞,지하철역 입구,일반 사각,재활용쓰레기,2024년 설치,환경공무관 1반,2025-03-06,,마포구 이대역,37.556814718869,126.94642954546576
267.0,마포구,공덕동 254-29,"공덕역 4번 출구, 택시승강장",정류소(택시 등 기타),일반 사각,재활용쓰레기,2024년 설치,환경공무관 1반,2025-03-06,,마포구 공덕역,37.5445416897534,126.951451177648
268.0,마포구,창전동 236,광흥창역 5번 출구 횡단보도 앞,지하철역 입구,일반 사각,일반쓰레기,2024년 설치,환경공무관 1반,2025-03-06,,마포구 광흥창역,37.54748648317645,126.93202965599583
269.0,마포구,백범로 82,홍콩반점 옆 횡단보도 부근,도로변(횡단보도 포함),일반 사각,일반쓰레기,2024년 설치,환경공무관 1반,2025-03-06,,마포구 홍콩반점,37.5547875789094,126.923685619257
270.0,마포구,백범로 112,버스정류장 14-176 부근,정류소(버스 가로변),일반 사각,일반쓰레기,2024년 설치,환경공무관 1반,2025-03-06,,마포구 ,37.5553965854703,126.923580878826
271.0,마포구,공덕동 467,공덕역 2번 출구 앞 횡단보도 옆,지하철역 입구,일반 사각,일반쓰레기,2024년 설치,환경공무관 1반,2025-03-06,,마포구 공덕역,37.5445416897534,126.951451177648
272.0,마포구,백범로 170,버스정류장 14-180,정류소(버스 가로변),일반 사각,일반쓰레기,2024년 설치,환경공무관 1반,2025-03-06,,마포구 ,37.5553965854703,126.923580878826
273.0,마포구,신공덕동 56-74,공덕역 7번 출구 앞,지하철역 입구,일반 사각,일반쓰레기,2024년 설치,환경공무관 1반,2025-03-06,,마포구 공덕역,37.5445416897534,126.951451177648
274.0,마포구,동교동 155-55,홍대입구역 8번 출구 앞,지하철역 입구,일반 사각,재활용쓰레기,2024년 설치,환경공무관 2반,2025-03-06,,마포구 홍대입구역,37.5568707448873,126.923778562273
275.0,마포구,양화로 183,올리브영 홍대공항철도역점 앞,지하철역 입구,일반 사각,일반쓰레기,2024년 설치,환경공무관 2반,2025-03-06,,마포구 올리브영 홍대공항철도역점,37.55839626328688,126.92539318725362
276.0,마포구,양화로 29,아람광고 앞,도로변(횡단보도 포함),일반 사각,일반쓰레기,2024년 설치,환경공무관 2반,2025-03-06,,마포구 아람광고,37.5476473845005,126.921268978941
277.0,마포구,동교동 165-5,버스정류장 14-015,정류소(버스 중앙차로),일반 사각,일반쓰레기,2024년 설치,환경공무관 2반,2025-03-06,,마포구 ,37.5553965854703,126.923580878826
278.0,마포구,동교동 165-14,버스정류장 14-016,정류소(버스 중앙차로),일반 사각,재활용쓰레기,2024년 설치,환경공무관 2반,2025-03-06,,마포구 ,37.5553965854703,126.923580878826
279.0,마포구,월드컵로5길 11,합정동주민센터 앞,도로변(횡단보도 포함),일반 사각,일반쓰레기,2024년 설치,환경공무관 2반,2025-03-06,,마포구 합정동주민센터,37.55166181400224,126.91175641427573
280.0,마포구,양화로 136,양화로 136 (횡단보도 앞),도로변(횡단보도 포함),일반 사각,일반쓰레기,2024년 설치,환경공무관 2반,2025-03-06,,마포구 양화로 136,37.5546960668359,126.921530913964
281.0,마포구,양화로 136 ,양화로 136 (분전함 앞),도로변(횡단보도 포함),일반 사각,일반쓰레기,2024년 설치,환경공무관 2반,2025-03-06,,마포구 양화로 136,37.5546960668359,126.921530913964
282.0,마포구,합정동 383-36,합정역 8번 출구 횡단보도 앞,도로변(횡단보도 포함),일반 사각,재활용쓰레기,2024년 설치,환경공무관 2반,2025-03-06,,마포구 합정역,37.54991315995173,126.91445406513526
283.0,마포구,연희로 43,버스정류장 14-226,정류소(버스 가로변),일반 사각,재활용쓰레기,2024년 설치,환경공무관 2반,2025-03-06,,마포구 ,37.5553965854703,126.923580878826
284.0,마포구,상암동 1622-1,디지털미디어시티역 8번 출구 횡단보도 앞,지하철역 입구,일반 사각,재활용쓰레기,2024년 설치,환경공무관 3반,2025-03-06,,마포구 디지털미디어시티역,37.57601374718818,126.90127778415635
285.0,마포구,월드컵로204,마포구청사 맞은편횡단보도,도로변(횡단보도 포함),일반 사각,재활용쓰레기,2024년 설치,환경공무관 3반,2025-03-06,,마포구청사,37.5424511796281,126.942961479688
286.0,마포구,성산동 665,마포농수산물시장 입구 횡단보도,도로변(횡단보도 포함),일반 사각,일반쓰레기,2024년 설치,환경공무관 3반,2025-03-06,,마포구 마포농수산물시장,37.5648030101604,126.89849571788136
287.0,마포구,월드컵로 212,마포구의회 앞 마을버스정류장 (14-563),정류소(버스 가로변),일반 사각,재활용쓰레기,2024년 설치,환경공무관 3반,2025-03-06,,마포구의회,37.5663109580717,126.901307568906
288.0,마포구,월드컵로 202,마포구청역 1번 출구 앞,지하철역 입구,일반 사각,일반쓰레기,2024년 설치,환경공무관 3반,2025-03-06,,마포구청역,37.5634871865932,126.903425598797
289.0,마포구,매봉산로 80,버스정류장 14-361,정류소(버스 가로변),일반 사각,일반쓰레기,2024년 설치,환경공무관 3반,2025-03-06,,마포구 ,37.5553965854703,126.923580878826
290.0,마포구,월드컵북로 361,"DMC홍보관 방향 
횡단보도 앞",도로변(횡단보도 포함),일반 사각,일반쓰레기,2024년 설치,환경공무관 3반,2025-03-06,,마포구 디지털미디어시티역보관,37.577631,126.889339
291.0,마포구,월드컵로 212,시립마포청소년센터 앞 횡단보도 옆,도로변(횡단보도 포함),일반 사각,일반쓰레기,2024년 설치,환경공무관 3반,2025-03-06,,마포구 시립마포청소년센터,37.5660160802352,126.902086700343
292.0,마포구,월드컵로 77,망원역2번 출구 안쪽,지하철역 입구,일반 사각,일반쓰레기,2024년 설치,환경공무관 3반,2025-03-06,,마포구 망원역 안,37.5487535120761,126.92217764774
293.0,마포구,월드컵로 77,망원역2번 출구 안쪽,지하철역 입구,일반 사각,재활용쓰레기,2024년 설치,환경공무관 3반,2025-03-06,,마포구 망원역 안,37.5487535120761,126.92217764774
